random_id,participant_id,n
p0njrbtzmo2,wolf,247
p0vtkkgqpg4,mouse,247
p149b8g84l6,jaguar,247
p14k1pv55tw,wallaby,247
p2x33rxsjjl,goldfish,247
p3cwg5ju6uz,antelope,247
p6taq5za0no,squirrel,247
p6utqwhasbq,cheetah,247
p8m16nel5e2,butterfly,247
p98jqj8opzq,camel,247
pa0jm51rt0h,lynx,247
pabn3c4rwn7,koala,247
pahfrvy2ntp,horse,247
pb8qq8pp13x,hamster,247
pbr002wtw14,goose,247
pcxoro96btl,goat,247
pdlamerbw0c,bear,247
pelxfk6mhwo,whale,247
peqkhqf5o9v,tortoise,247
pgdyqpeahry,meerkat,247
pgpduy59k1g,elk,247
pgvzc8kpy7d,turtle,247
phhzvuw2esj,gecko,247
phsjwphk0j9,parrot,247
pj9a1xup6od,dolphin,247
pja7qwucv41,panda,247
pjr3abynx47,pony,247
pl2pvk311h2,lemur,247
pmj067bv2tf,moose,247
pnheyqmuf9u,swan,247
pozqcr1djfz,deer,247
pqryfxp01ad,seal,247
pqzd1dx58d0,alpaca,247
prouwgdxuxv,cub,247
prxu5zghj5w,sheep,247
pspg9qmve2h,crow,247
pssfnzun46g,manatee,247
pt3umwf66r2,otter,247
pws19o5qf8o,fox,247
pxgoxfozkk5,badger,247
pzt0km4nlsl,lion,247
